NA,River,Point_bar_designation,Bar_Area_(km2),Amplitude_(m),CB_Width_(2x_Amplitude_-_m),Measured_Channel-belt_Width_(m),Channel-belt_1/2_wavelength_(m),Meander_wavelength_(2x_1/2_lambd,Long_axis_Length_(m),Short_Axis_Length_(m),Thickness_(m),CB_W/T,"CB
wavelength
/_thickness","CB_1/2
wavelength_/_amplitude",Bankfull_Thickness_Type,Mean_Bankfull_thickness_(m),Maximum_Bankfull_thickness_(m),Intermediate_Bankfull_Thickness_(m),Eddy_Accretion_thickness_(m),Contributing_Drainage_Area_(km2)
0,Amite,1,0.084,370,740,757,270,540,370,270,8,93,68,0.73,maximum,NA,8,NA,NA,7800
1,Araguaia,1,1.398,1570,3140,3463,2130,4260,2130,1570,14,224,304,1.36,mean,14,NA,NA,NA,117580
2,Araguaia,2,2.413,1220,2440,3463,1610,3220,1610,1220,14,174,230,1.32,mean,14,NA,NA,NA,117580
3,Araguaia,3,4.742,3630,7260,4727,1960,3920,3630,1960,14,519,280,0.54,mean,14,NA,NA,NA,117580
4,Arkansas,Altheimer1,1.857,3170,6340,3478,760,1520,3170,760,14,453,109,0.24,maximum,NA,14,NA,NA,416000
5,Arkansas,Bonita1,NA,881,1762,2920,1786,3572,1786,881,15,116,234,2.03,maximum,NA,15,NA,NA,416000
6,Arkansas,Callie lake,1.85,1930,3860,3691,1240,2480,1930,1240,18,214,138,0.64,intermediate,NA,21,18,NA,416000
7,Arkansas,Gillette 1,2.55,1900,3800,5925,1740,3480,1900,1740,17,224,205,0.92,intermediate,NA,NA,17,NA,416000
8,Arkansas,LakeVillage1,1.69,1551,3102,3476,1372,2744,1551,1372,12,268,237,0.88,intermediate,NA,NA,12,NA,416000
9,Arkansas,Noble 1,10.2,5120,10240,7334,2960,5920,5120,2960,11,931,538,0.58,mean,11,18,17,NA,416000
10,Arkansas,Noble 2,5.6,2970,5940,5482,2430,4860,2970,2430,15,396,324,0.82,intermediate,10,15,17,NA,416000
11,Arkansas,Sawyer Bend,1.8,1650,3300,4302,1800,3600,1800,1650,18,183,200,1.09,intermediate,10,20,NA,NA,416000
12,Assiniboine,P15,0.138,250,500,1010,774,1548,774,250,10,50,155,3.1,mean,10,NA,NA,NA,153000
13,Assiniboine,P9,0.561,1011,2022,2005,659,1318,659,1011,12,169,110,0.65,intermediate,NA,NA,12,NA,153000
14,Barwon,1,0.48,750,1500,1247,890,1780,890,750,10,150,178,1.19,mean,10,14,NA,NA,139000
15,Beatton,1,0.22,680,1360,984,410,820,680,410,7,194,117,0.6,maximum,NA,7,NA,NA,3350
16,Beatton,2,0.24,930,1860,762,460,920,930,460,7,266,131,0.49,maximum,NA,7,NA,NA,3350
17,Beatton,4,0.14,630,1260,1796,300,600,630,300,7,180,86,0.48,maximum,NA,7,NA,NA,3350
18,Beatton,6,0.46,810,1620,1796,750,1500,810,750,7,231,214,0.93,maximum,NA,7,NA,NA,3350
19,Beatton,9,0.28,630,1260,1539,540,1080,630,540,7,180,154,0.86,maximum,NA,7,NA,NA,3350
20,Beatton,10,0.13,790,1580,1662,330,660,790,330,7,226,94,0.42,maximum,NA,7,NA,NA,3350
21,Beaver,1,0.064,290,580,382,350,700,350,290,5,116,140,1.21,mean,5,8,NA,8.5,14500
22,Brazos,1,1.1,990,1980,2289,2250,4500,2250,990,15,132,300,2.27,maximum,12,20,NA,NA,118000
23,Brazos,2,0.462,930,1860,2289,650,1300,930,650,15,124,87,0.7,NA,NA,NA,NA,NA,118000
24,Brazos,3692,0.206,640,1280,1288,387,774,640,387,15,85,52,0.6,maximum,NA,21,18,NA,118000
25,Colorado,1930,NA,27,27,NA,142,284,NA,NA,2,18,189,5.26,mean,NA,NA,NA,NA,103341
26,Colorado,1930,NA,39,39,NA,231,462,NA,NA,2,26,308,5.92,mean,NA,NA,NA,NA,103341
27,Colorado,1930,NA,21,21,NA,71,142,NA,NA,1,18,118,3.38,mean,NA,NA,NA,NA,103341
28,Colorado,1930,NA,88,88,NA,674,1348,NA,NA,2,49,749,7.66,mean,NA,NA,NA,NA,103341
29,Danube,Straubing 1,NA,1423,2846,2611,1018,2036,NA,NA,6,474,339,0.72,maximum,6,6,NA,NA,36259
30,Danube,Straubkng 2,NA,1422,2844,2299,475,950,NA,NA,6,474,158,0.33,maximum,6,6,NA,NA,36259
31,Daule,1,0.6,1220,2440,2302,640,1280,1220,640,6,407,213,0.52,NA,NA,NA,NA,NA,190000
32,Endrick,1,0.024,240,480,481,170,340,240,170,3,160,113,0.71,maximum,3,5,NA,NA,250
33,Ganga,1,73,11580,23160,NA,9600,NA,11580,9600,9,2573,0,0.83,mean,9,11,NA,NA,98000
34,Guadalupe,NA,NA,37,37,NA,113,226,NA,NA,NA,NA,NA,3.05,mean,NA,NA,NA,NA,3256
35,Guadalupe,NA,NA,10,10,NA,77,154,NA,NA,NA,NA,NA,7.7,mean,NA,NA,NA,NA,3256
36,Guadalupe,NA,NA,10,10,NA,104,208,NA,NA,NA,NA,NA,10.4,mean,NA,NA,NA,NA,3256
37,Gulf of Thailand,seismic,NA,2600,5200,3600,1600,3200,NA,NA,17,306,188,0.62,maximum,NA,17,NA,NA,NA
38,Gulf of Thailand,seismic,NA,1900,1900,1900,2800,5600,NA,NA,12,158,467,1.47,maximum,NA,12,NA,NA,NA
39,Gulf of Thailand,seismic,NA,2000,2000,2000,1600,3200,NA,NA,12,167,267,0.8,maximum,NA,12,NA,NA,NA
40,Indus,Thatta_1,NA,3058,6116,5936,3618,7236,NA,NA,19,322,381,1.18,unknown,NA,NA,NA,NA,970000
41,Khoper,2,0.195,960,1920,3065,300,600,960,300,2,914,286,0.31,mean,2.1,4,NA,NA,19100
42,Khoper,1b,4.51,933,1866,2054,2833,5666,2833,933,8,233,708,3.04,mean,8,11,NA,NA,19100
43,Komadugu,Damaska_nw1,3.35,2730,5460,8588,1780,3560,2730,1780,5,1138,742,0.65,mean,4.8,NA,NA,NA,150000
44,Komadugu,Damaska_nw2,5.88,2430,4860,6827,3270,6540,3270,2430,5,1013,1363,1.35,mean,4.8,NA,NA,NA,150000
45,Komadugu,Gashua 1,1.05,1540,3080,3911,990,1980,1540,990,4,751,483,0.64,?,NA,NA,NA,NA,98000
46,Kootenay,1,0.98,950,950,1193,1500,3000,1500,950,6,158,500,1.58,mean,6,10,NA,16,7120
47,Lagniappe,MP242,NA,1076,2152,NA,NA,NA,NA,NA,14,153,0,0,maximum,6.8,14.1,NA,NA,95000
48,Little Snake  - Yampa,1,0.04,310,620,NA,160,320,310,160,3,207,107,0.52,mean,3,NA,NA,NA,2560
49,Madison,M3,0.023,176,352,NA,120,240,176,120,5,78,53,0.68,maximum,1,4.5,3,NA,1000
50,Madison,S13,0.037,113,226,NA,120,240,113,120,1,301,320,1.06,mean,0.75,NA,NA,NA,1000
51,Madison,S32,0.038,130,260,NA,160,320,260,130,2,149,183,1.23,intermediate,NA,NA,NA,NA,1000
52,Magdaleana,2,7.05,4010,4010,NA,1580,3160,4010,1580,17,236,186,0.39,mean,NA,NA,NA,NA,257000
0,Magdalena,1,20.3,4950,4950,NA,6340,12680,6340,4950,17,291,746,1.28,mean,NA,NA,NA,NA,257000
1,Magdalena,Boquillas,NA,1520,1520,2228,2856,5712,NA,NA,19,80,301,1.88,mean,19,NA,NA,NA,219636
2,Magdalena,Mompos,NA,509,1018,1277,2904,5808,NA,NA,16,64,363,5.71,mean,16,NA,NA,NA,158128
3,Malay Basin Shelf,Miall02,NA,2215,4430,NA,4710,9420,NA,NA,20,NA,471,2.13,NA,NA,NA,NA,NA,NA
4,Medjerda,1,0.372,790,1580,NA,680,1360,790,680,5,351,302,0.86,maximum,NA,4.5,NA,NA,22000
5,Medjerda,2,0.332,1140,2280,NA,510,1020,1140,510,5,507,227,0.45,maximum,NA,4.5,NA,NA,22000
6,Meuse,Meuse_GE_07_D_ptb ar1,NA,1300,2600,NA,1150,2300,NA,NA,7,371,329,0.88,maximum,NA,7,NA,NA,32892
7,Meuse,"Rhine_GE07_E_Maas
_ptbar1",NA,530,1060,NA,2170,4340,NA,NA,9,118,482,4.09,maximum,9,NA,NA,NA,160778
8,Mississippi (USA),GrandLake,10.2,6630,13260,NA,6330,12660,6330,2280,20,670,639,0.95,NA,NA,NA,NA,NA,2896455
9,Mississippi (USA),Milliken Bend2,42.5,2623,5246,16038,10700,21400,10700,2623,24,215,878,4.08,NA,NA,NA,NA,NA,2928599
10,Mississippi (USA),Tallabena,20.04,8000,16000,14767,4000,8000,8000,4000,21,750,375,0.5,NA,NA,NA,NA,NA,2928599
11,Mississippi (USA),Lake St Peter,11.4,5930,11860,14905,2640,5280,5930,2640,27,447,199,0.45,NA,NA,NA,NA,NA,2942692
12,Mississippi (USA),Marengo,22.1,8880,17760,14452,3900,7800,8880,3900,27,647,284,0.44,NA,NA,NA,NA,NA,2947110
13,Mississippi (USA),Glasscock,37.2,11330,22660,13575,5280,10560,11330,5280,30,743,346,0.47,NA,NA,NA,NA,NA,2949103
14,Mississippi (USA),BigIsland,33.1,9400,18800,14919,4450,8900,9400,4450,29,649,307,0.47,NA,NA,NA,NA,NA,2952872
15,Mississippi (USA),Raccourci,49.2,8270,16540,17043,8930,17860,8930,8270,29,571,617,1.08,NA,NA,NA,NA,NA,3194756
16,Mississippi (USA),False ptbar,80.8,12570,25140,22168,8630,17260,12570,8630,34,750,515,0.69,NA,NA,NA,NA,NA,3194756
17,Mississippi (USA),Zachary,NA,7765,15530,9426,3338,6676,NA,NA,45,348,150,0.43,maximum,NA,45,NA,NA,3194756
18,Mississippi (USA),Baton_Rouge,NA,1798,3596,10472,16500,33000,NA,NA,41,87,799,9.18,maximum,NA,41,NA,NA,3194756
19,Mississippi (USA),Baton Rouge,NA,8000,16000,10472,9950,19900,NA,NA,37,437,544,1.24,maximum,NA,37,NA,NA,3194756
20,Mississippi (USA),Baton Rouge,NA,5700,11400,10472,8400,16800,NA,NA,37,312,459,1.47,mean,37,NA,NA,NA,3194756
21,Mississippi (USA),White Castle,NA,4000,8000,7310,9386,18772,NA,NA,38,210,493,2.35,mean?,38,NA,NA,NA,3194756
22,Mississippi (USA),White Castle,NA,2245,4490,7310,6511,13022,NA,NA,41,109,316,2.9,maximum,NA,41,NA,NA,3194756
23,Mississippi (USA),Donaldsonville,NA,1700,3400,4545,6221,12442,NA,NA,43,80,292,3.66,mean,43,NA,NA,NA,3194756
24,Mississippi (USA),Hahnville,NA,867,1734,3946,7340,14680,NA,NA,33,53,447,8.47,mean,26,NA,NA,NA,3194756
25,Mississippi (USA),New Orleans,NA,1370,2740,5334,7150,14300,NA,NA,33,84,436,5.22,maximum,NA,33,NA,NA,3194756
26,Mississippi (USA),PointAlaHache,NA,373,746,1731,5903,11806,NA,NA,33,23,357,15.83,mean,33,NA,NA,NA,3194756
27,Mississippi (USA),BlackBay,NA,554,1108,2921,3500,7000,NA,NA,39,28,178,6.32,intermediate,NA,NA,39,NA,3194756
28,Mississippi (USA),Empire,NA,1361,2722,3658,4475,8950,NA,NA,46,59,195,3.29,maximum,NA,46,NA,NA,3194756
29,Mississippi Delta,53323,NA,240,240,NA,2899,5798,NA,NA,19,13,312,12.08,mean,19,NA,NA,NA,3194756
30,Mississippi Delta,78097,NA,148,148,NA,954,1908,NA,NA,15,10,128,6.45,mean,15,NA,NA,NA,3194756
31,Mississippi Delta,78097,NA,65,65,NA,954,1908,NA,NA,5,12,357,14.68,mean,5,NA,NA,NA,3194756
32,Mississippi Delta,130615,NA,223,223,NA,NA,NA,NA,NA,26,9,0,0,mean,26,NA,NA,NA,3194756
33,Mississippi Delta,C108,NA,500,500,NA,2592,5184,NA,NA,19,26,267,5.18,mean,19,NA,NA,NA,3194756
34,Mississippi Delta,12E,NA,78,78,NA,NA,NA,NA,NA,12,6,0,0,mean,12,NA,NA,NA,3194756
35,Mississippi Delta,24AD,NA,140,140,NA,1537,3074,NA,NA,15,10,211,10.98,mean,15,NA,NA,NA,3194756
36,Mississippi Delta,3LUW,NA,222,222,NA,2543,5086,NA,NA,24,9,209,11.45,mean,24,NA,NA,NA,3194756
37,Mississippi Delta,6A,NA,98,98,NA,933,1866,NA,NA,12,8,157,9.52,mean,12,NA,NA,NA,3194756
38,Mississippi Delta,AS6,NA,89,89,NA,NA,NA,NA,NA,9,9,0,0,mean,9,NA,NA,NA,3194756
39,Mississippi Delta,C108,NA,122,122,NA,1526,3052,NA,NA,12,10,246,12.51,mean,12,NA,NA,NA,3194756
40,Mississippi Delta,C131,NA,444,444,NA,NA,NA,NA,NA,24,18,0,0,mean,24,NA,NA,NA,3194756
41,Mississippi Delta,C218,NA,263,263,NA,1715,3430,NA,NA,29,9,117,6.52,mean,29,NA,NA,NA,3194756
42,Mississippi Delta,CH61,NA,389,389,NA,3393,6786,NA,NA,26,15,258,8.72,mean,26,NA,NA,NA,3194756
43,Mississippi Delta,CV18,NA,245,245,NA,2815,5630,NA,NA,31,8,182,11.49,mean,31,NA,NA,NA,3194756
44,Mississippi Delta,CV22,NA,209,209,NA,1909,3818,NA,NA,31,7,123,9.13,mean,31,NA,NA,NA,3194756
45,Mississippi Delta,CV22`,NA,222,222,NA,1909,3818,NA,NA,31,7,124,8.6,mean,31,NA,NA,NA,3194756
46,Mississippi Delta,E202,NA,134,134,NA,1074,2148,NA,NA,14,10,155,8.01,mean,14,NA,NA,NA,3194756
47,Mississippi Delta,E212,NA,116,116,NA,1433,2866,NA,NA,13,9,218,12.35,mean,13,NA,NA,NA,3194756
48,Mississippi Delta,EWT2,NA,600,600,NA,4807,9614,NA,NA,32,19,300,8.01,mean,32,NA,NA,NA,3194756
49,Mississippi Delta,GC3,NA,130,130,NA,2394,4788,NA,NA,17,8,284,18.42,mean,17,NA,NA,NA,3194756
50,Mississippi Delta,GL1,NA,129,129,NA,3852,7704,NA,NA,13,10,613,29.86,mean,13,NA,NA,NA,3194756
51,Mississippi Delta,GL3,NA,186,186,NA,3734,7468,NA,NA,17,11,447,20.08,mean,17,NA,NA,NA,3194756
52,Mississippi Delta,HC1A,NA,221,221,NA,3181,6362,NA,NA,31,7,203,14.39,mean,31,NA,NA,NA,3194756
53,Mississippi Delta,HC8,NA,250,250,NA,4228,8456,NA,NA,30,8,278,16.91,mean,30,NA,NA,NA,3194756
54,Mississippi Delta,HC8,NA,240,240,NA,4248,8496,NA,NA,31,8,276,17.7,mean,31,NA,NA,NA,3194756
55,Mississippi Delta,LR1,NA,629,629,NA,NA,NA,NA,NA,39,16,0,0,mean,39,NA,NA,NA,3194756
56,Mississippi Delta,LS-1,NA,401,401,NA,2921,5842,NA,NA,30,13,193,7.28,mean,30,NA,NA,NA,3194756
0,Mississippi Delta,WM3,NA,503,503,NA,2961,5922,NA,NA,34,15,175,5.89,mean,34,NA,NA,NA,3194756
1,Misssissippi_Teche,St martinsville - I-9,NA,5200,10400,15168,2482,4964,NA,NA,43,244,116,0.48,intermediate,NA,NA,43,NA,3194756
2,Misssissippi_Teche,Moureauville,NA,7800,15600,NA,7596,15192,NA,NA,27,569,554,0.97,intermediate,NA,NA,27,NA,3194756
3,Misssissippi_Teche,Odenburg - WW4,NA,2522,5044,NA,2775,5550,NA,NA,20,255,280,1.1,mean,20,NA,NA,NA,3194756
4,Misssissippi_Teche,Odenburg_SL175,NA,9890,19780,NA,3384,6768,NA,NA,27,721,247,0.34,maximum,NA,27,NA,NA,3194756
5,Misssissippi_Teche,Palmetto _M1,NA,7271,14542,NA,3566,7132,NA,NA,29,502,246,0.49,maximum,NA,27,NA,NA,3194756
6,Misssissippi_Teche,Arnaudville - SL222,NA,3880,7760,14712,3366,6732,NA,NA,40,196,170,0.87,intermediate,NA,NA,40,NA,3194756
7,Misssissippi_Teche,Arnaudville - SMN 133,NA,4600,9200,14712,2199,4398,NA,NA,38,241,115,0.48,intermediate,NA,NA,38,NA,3194756
8,Misssissippi_Teche,St martinsville - B-7,NA,6000,12000,15168,4330,8660,NA,NA,44,272,196,0.72,maximum,NA,44,NA,NA,3194756
9,Misssissippi_Teche,St Martinsvile - SMN_121,NA,2375,4750,15168,4399,8798,NA,NA,43,111,206,1.85,maximum,NA,43,NA,NA,3194756
10,Misssissippi_Teche,St Martinsvillle - S1028,NA,4500,9000,15168,1860,3720,NA,NA,43,211,87,0.41,intermediate,NA,NA,43,NA,3194756
11,Misssissippi_Teche,jeanerette,NA,2297,4594,6484,5239,10478,NA,NA,38,121,275,2.28,maximum,NA,38,NA,NA,3194756
12,Misssissippi_Teche,Centerville,NA,1459,2918,7233,3337,6674,NA,NA,40,74,168,2.29,maximum,NA,40,NA,NA,3194756
13,Misssissippi_Teche,Belle Isle - Bayou Teche -163,NA,1846,3692,5545,6228,12456,NA,NA,41,90,303,3.37,maximum,NA,41,NA,NA,3194756
14,Misssissippi_Teche,Belle Isle - Bayou Teche 153,NA,1268,2536,5545,2866,5732,NA,NA,44,57,130,2.26,maximum,NA,44,NA,NA,3194756
15,Misssissippi_Teche,Morgan City - Berwick Bay,NA,1444,2888,3034,8316,16632,NA,NA,43,68,390,5.76,maximum,NA,43,NA,NA,3194756
16,Misssissippi_Teche,Morgan City - Bayou Boeuf,NA,1048,2096,5099,4118,8236,NA,NA,55,38,150,3.93,intermediate,NA,NA,55,NA,3194756
17,Misssissippi_Teche,Morgan City - Bayou L'ourse,NA,758,1516,4775,4450,8900,NA,NA,47,32,188,5.87,intermediate,NA,NA,47,NA,3194756
18,Mudafm,134 ms,NA,2000,2000,NA,12000,24000,NA,NA,50,40,480,6,NA,NA,NA,NA,NA,NA
19,Mudafm,190 ms,NA,1250,2500,NA,2500,5000,NA,NA,25,100,200,2,NA,NA,NA,NA,NA,NA
20,Murrumbidgee_Mund owney,Mundowney,0.28,950,1900,NA,420,840,950,420,9,211,93,0.44,NA,NA,NA,NA,NA,84000
21,Natuna Basin,seismic,NA,1500,3000,NA,2000,4000,NA,NA,20,150,200,1.33,NA,NA,NA,NA,NA,NA
22,Natuna Basin,seismic,NA,1500,3000,NA,2000,4000,NA,NA,18,167,222,1.33,NA,NA,NA,NA,NA,NA
23,Natuna Basin,seismic,NA,3750,7500,NA,2500,8000,NA,NA,20,375,400,0.67,NA,NA,NA,NA,NA,NA
24,Natuna Basin,seismic,NA,750,1500,NA,1500,12000,NA,NA,16,94,750,2,NA,NA,NA,NA,NA,NA
25,Natuna Basin,seismic_fig3,NA,1500,3000,NA,3000,4000,NA,NA,24,125,167,2,NA,NA,NA,NA,NA,NA
26,NW Java Shelf,seismic,NA,1000,2000,NA,1500,3000,NA,NA,18,111,167,1.5,NA,NA,NA,NA,NA,NA
27,Ohio,Henderson,47,7290,14580,NA,8400,NA,8400,7290,20,729,0,1.15,NA,NA,NA,NA,NA,259000
28,Ohio,Evansville,22,9500,19000,NA,6000,NA,9500,6000,20,950,0,0.63,NA,NA,NA,NA,NA,259000
29,Parana,Rosario_City_A3,9.961,2157,4314,3467,6838,13676,6838,2157,18,240,760,3.17,maximum,NA,18,NA,NA,2300000
30,Parana,Rosario_City_B1,12.656,3620,7240,3467,6162,12324,7240,6162,26,283,481,1.7,maximum,NA,26,NA,NA,2300000
31,Peace,1,5.53,4770,9540,13966,2010,4020,4770,2010,15,636,268,0.42,mean,15,19,NA,22,290000
32,Peace,2,7.8,3040,6080,19597,3500,7000,3500,3040,15,405,467,1.15,mean,15,19,NA,22,290000
33,Peace,3,5.49,4790,9580,17032,1800,3600,4790,1800,15,639,240,0.38,mean,15,19,NA,22,290000
34,Porcupine,Bluefish 1,3.08,2560,5120,NA,1550,3100,2560,1550,7,731,443,0.61,NA,NA,NA,NA,NA,54837
35,Powder River,1,0.274,740,1480,NA,480,960,740,480,4,370,240,0.65,NA,NA,NA,NA,NA,26440
36,Powder River,2,0.057,330,660,NA,250,500,330,250,4,165,125,0.76,NA,NA,NA,NA,NA,26440
37,Powder River,3,0.148,510,1020,NA,530,1060,530,510,4,255,265,1.04,NA,NA,NA,NA,NA,26440
38,Powder River,4,0.076,300,600,NA,380,760,380,300,4,150,190,1.27,NA,NA,NA,NA,NA,26440
39,Protva,1,NA,1050,2100,NA,780,1560,1050,780,15,140,104,0.74,mean,15,NA,NA,NA,2170
40,Purus,2,2.14,2690,5380,NA,1590,3180,2690,1590,14,384,227,0.59,maximum,NA,14,NA,NA,104000
41,Purus,4,1.18,2090,4180,NA,1000,2000,2090,1000,8,523,250,0.48,mean,8,NA,NA,NA,104000
42,Purus,5,2.83,3010,6020,5338,1420,2840,3010,1420,12,502,237,0.47,maximum,NA,12,NA,NA,104000
43,Purus,6,1.11,1200,2400,NA,1330,2660,1330,1200,12,200,222,1.11,maximum,NA,12,NA,NA,104000
44,Purus,20,4.01,2820,5640,NA,1850,3700,2820,1850,12,470,308,0.66,maximum,NA,12,NA,NA,104000
45,Red,Ashdown,0.587,1360,2720,3557,796,1592,1360,610,8,340,199,0.59,NA,NA,NA,NA,NA,132313
46,Red,Beene,4.9,2338,4676,3836,3020,6040,3020,2490,18,260,336,1.29,NA,NA,NA,NA,NA,153185
47,Red,Boyce_E7,NA,721,1442,NA,940,1880,NA,NA,17,84,109,1.3,maximum,NA,17,NA,NA,167683
48,Red,Boyce_E8,NA,1065,2130,NA,1295,2590,NA,NA,16,131,159,1.22,intermediate,NA,NA,16,NA,167683
49,Red,Boyce_W31,NA,1266,2532,1667,1069,2138,NA,NA,17,146,124,0.84,maximum,NA,17,NA,NA,167683
50,Red,Boyce_W42,NA,1700,3400,NA,858,1716,NA,NA,17,206,104,0.5,maximum,NA,17,NA,NA,167683
51,Red,Bunkie_AV128,NA,327,327,NA,1272,2544,NA,NA,14,23,177,3.89,mean,14,NA,NA,NA,167683
52,Red,Bunkie_SL219,NA,497,497,NA,876,1752,NA,NA,17,30,105,1.76,maximum,NA,17,NA,NA,167683
53,Red,Campti,0.486,1120,2240,NA,730,1460,1120,730,17,132,86,0.65,NA,NA,NA,NA,NA,167683
54,Red,Doddridge 1,0.877,1320,2640,NA,870,1740,1320,870,12,220,145,0.66,NA,NA,NA,NA,NA,134154
55,Red,Doddridge 2,0.475,1170,2340,NA,530,1060,1170,530,15,156,71,0.45,NA,NA,NA,NA,NA,134154
56,Red,Fulton,3.08,3000,6000,NA,1410,2820,3000,1410,9,667,313,0.47,NA,NA,NA,NA,NA,132313
0,Red,Hanna,2.4,2880,5760,NA,1140,2280,2880,1140,17,339,134,0.4,NA,NA,NA,NA,NA,167683
1,Red,KellerLake,1.17,1830,3660,NA,1070,2140,1830,1070,15,244,143,0.58,NA,NA,NA,NA,NA,134154
2,Red,Lecompte_E2,NA,1023,2046,2099,1651,3302,NA,NA,18,116,187,1.61,maximum,NA,18,NA,NA,167683
3,Red,Lecompte_E20,NA,919,1838,2363,839,1678,NA,NA,15,122,111,0.91,mean,15,NA,NA,NA,167683
4,Red,Lecompte_W13,NA,1253,2506,NA,916,1832,NA,NA,19,135,99,0.73,maximum,NA,19,NA,NA,167683
5,Red,Lecompte_W19,NA,686,1372,NA,1488,2976,NA,NA,18,78,168,2.17,maximum,NA,19,NA,NA,167683
6,Red,Lecompte_W22,NA,1140,2280,2648,795,1590,NA,NA,17,131,92,0.7,intermediate,NA,NA,17,NA,167683
7,Red,Lecompte_W39,NA,889,1778,2308,460,920,NA,NA,15,119,61,0.52,intermediate,NA,NA,17,NA,167683
8,Red,Lecompte_W48,NA,1814,3628,NA,857,1714,NA,NA,19,190,90,0.47,maximum,NA,19,NA,NA,167683
9,Red,Lecompte_W50,NA,1197,2394,NA,1124,2248,NA,NA,16,148,139,0.94,intermediate,NA,NA,16,NA,167683
10,Red,Lecompte_W66,NA,479,958,NA,414,828,NA,NA,23,41,35,0.86,intermediate,NA,NA,23,NA,167683
11,Red,Morningsport 2,0.926,1180,2360,NA,1190,2380,1190,1050,14,169,170,1.01,NA,NA,NA,NA,NA,153185
12,Red,Mornngsport 1,3.28,2310,4620,NA,1940,3880,2310,1940,18,257,216,0.84,NA,NA,NA,NA,NA,153185
13,Red,Red Bank,1.09,1370,2740,NA,1110,2220,1370,1110,12,228,185,0.81,NA,NA,NA,NA,NA,132313
14,Red,Turkey Creek_A3,NA,303,303,NA,858,1716,NA,NA,11,28,160,2.83,mean,11,NA,NA,NA,167683
15,Red,Vivian,0.525,1430,2860,NA,510,1020,1430,510,14,204,73,0.36,NA,NA,NA,NA,NA,153185
16,Red River,2,0.6,1450,2900,NA,560,1120,1450,560,17,176,68,0.39,mean,17,20,NA,NA,104000
17,Red River,1,0.62,1250,2500,NA,670,1340,1250,670,16,161,86,0.54,mean,16,21,NA,NA,104000
18,Rhine,GE_07_B_ptbar1b,NA,360,720,NA,3260,6520,NA,NA,10,72,652,9.06,maximum,NA,10,NA,NA,160778
19,Rhine,GE07_D_Waal_ptbar1,NA,1400,2800,NA,912,1824,NA,NA,8,350,228,0.65,intermediate,NA,NA,8,NA,160778
20,Rhine,Mehr_1,NA,3428,6856,NA,2424,4848,NA,NA,7,979,693,0.71,mean,7,NA,NA,NA,159526
21,Rhine,Mehr_2,NA,3848,7696,NA,1929,3858,NA,NA,8,962,482,0.5,intermediate,NA,NA,8,NA,159526
22,Rhine,Mehr_3,NA,2325,4650,NA,958,1916,NA,NA,7,664,274,0.41,maximum,NA,7,NA,NA,159526
23,Rhine,Mundelheim_1,NA,1342,2684,NA,2409,4818,NA,NA,7,383,688,1.8,mean,7,NA,NA,NA,147598
24,Rhine,Mundelheim_2,NA,2740,5480,NA,1334,2668,NA,NA,7,783,381,0.49,mean,7,NA,NA,NA,148828
25,Rhine,Rheinberg_1,NA,3300,6600,NA,2800,5600,NA,NA,9,733,622,0.85,maximum,NA,9,NA,NA,159251
26,Rhine,Rheinberg_2,NA,2660,5320,NA,2480,4960,NA,NA,12,443,413,0.93,maximum,7,12,NA,NA,159251
27,Rhine,Rheinberg_3,NA,1120,2240,NA,1929,3858,1929,1120,12,187,322,1.72,maximum,NA,12,NA,NA,159251
28,Rhine,Urdenbach_1,NA,2760,5520,NA,2175,4350,NA,NA,11,502,395,0.79,maximum,8,11,NA,NA,147598
29,Rhine,Urdenbach_2,NA,1750,3500,NA,2072,4144,NA,NA,12,292,345,1.18,maximum,8,12,NA,NA,148828
30,Rhine-Meuse,Hollandsche Ijssel_11.3,NA,180,180,NA,943,1886,NA,NA,8,23,236,5.24,maximum,NA,8,NA,NA,165000
31,Rhine-Meuse,Hollandsche Ijssel_16.2,NA,320,320,NA,1079,2158,NA,NA,9,36,240,3.37,maximum,NA,9,NA,NA,165000
32,Rhine-Meuse,Hollandsche Ijssel_21.3,NA,180,180,NA,753,1506,NA,NA,8,23,188,4.18,maximum,NA,8,NA,NA,165000
33,Rhine-Meuse,Hollandsche Ijssel_23.2,NA,150,150,NA,784,1568,NA,NA,6,24,253,5.23,maximum,NA,6.2,NA,NA,165000
34,Rhine-Meuse,Hollandsche Ijssel_3.1,NA,315,315,NA,1474,2948,NA,NA,8,42,393,4.68,maximum,NA,7.5,NA,NA,165000
35,Rhine-Meuse,Hollandsche Ijssel_6.3,NA,450,450,NA,722,1444,NA,NA,8,56,181,1.6,maximum,NA,8,NA,NA,165000
36,Rhine-Meuse,Linge_18.5,NA,1250,1250,NA,937,1874,NA,NA,6,208,312,0.75,maximum,NA,6,NA,NA,165000
37,Rhine-Meuse,Linge_22.8,NA,540,540,NA,1099,2198,NA,NA,5,100,407,2.04,maximum,NA,5.4,NA,NA,165000
38,Rhine-Meuse,Linge_26.5,NA,940,940,NA,1298,2596,NA,NA,8,118,325,1.38,maximum,NA,8,NA,NA,165000
39,Rhine-Meuse,Linge_33.5,NA,400,400,NA,1104,2208,NA,NA,5,74,409,2.76,maximum,NA,5.4,NA,NA,165000
40,Rhine-Meuse,Linge_38.5,NA,480,480,NA,974,1948,NA,NA,7,69,278,2.03,maximum,NA,7.5,NA,NA,165000
41,Rhine-Meuse,Linge_40.5,NA,340,340,NA,840,1680,NA,NA,7,49,240,2.47,maximum,NA,7.5,NA,NA,165000
42,Rhine-Meuse,Linge_8,NA,610,610,NA,1145,2290,NA,NA,6,111,416,1.88,maximum,NA,5.5,NA,NA,165000
43,Rhine-Meuse,Schaik_0.4,NA,170,170,NA,515,1030,NA,NA,5,33,202,3.03,maximum,NA,5.1,NA,NA,165000
44,Rhine-Meuse,Schaik_14.9,NA,55,55,NA,343,686,NA,NA,7,8,104,6.24,maximum,NA,6.6,NA,NA,165000
45,Rhine-Meuse,Schaik_15.2,NA,60,60,NA,334,668,NA,NA,6,9,104,5.57,maximum,NA,6.4,NA,NA,165000
46,Rhine-Meuse,Schaik_19.1,NA,50,50,NA,233,466,NA,NA,6,8,75,4.66,maximum,NA,6.2,NA,NA,165000
47,Rhine-Meuse,Schaik_2.8,NA,150,150,NA,562,1124,NA,NA,6,25,184,3.75,maximum,NA,6.1,NA,NA,165000
48,Rhine-Meuse,Schaik_22,NA,40,40,NA,418,836,NA,NA,6,7,147,10.45,maximum,NA,5.7,NA,NA,165000
49,Rhine-Meuse,Schaik_5.2,NA,140,140,NA,572,1144,NA,NA,6,25,208,4.09,maximum,NA,5.5,NA,NA,165000
50,Rhine-Meuse,Schaik_8.7,NA,70,70,NA,491,982,NA,NA,6,12,169,7.01,maximum,NA,5.8,NA,NA,165000
51,Rhine-Meuse,"Schoonrewoerd_3_11.
6",NA,125,125,NA,556,1112,NA,NA,6,22,199,4.45,maximum,NA,5.6,NA,NA,165000
52,Rhine-Meuse,Schoonrewoerd_Cule mbord_east_1.7,NA,140,140,NA,NA,0,NA,NA,4,39,0,0,maximum,NA,3.6,NA,NA,165000
53,Rhine-Meuse,Schoonrewoerd_Cule mbord_west_2.0,NA,195,195,NA,NA,0,NA,NA,5,43,0,0,maximum,NA,4.5,NA,NA,165000
54,Rhine-Meuse,Schoonrewoerd_Diefd ijk_middle_6.0,NA,80,80,NA,378,756,NA,NA,8,10,91,4.73,maximum,NA,8.3,NA,NA,165000
55,Rhine-Meuse,Schoonrewoerd_Diefd ijk_northwest_6.4,NA,70,70,NA,677,1354,NA,NA,5,15,282,9.67,maximum,NA,4.8,NA,NA,165000
56,Rhine-Meuse,Schoonrewoerd_Diefd ijk_southeast_5.4,NA,180,180,NA,229,458,NA,NA,7,26,66,1.27,maximum,NA,6.9,NA,NA,165000
0,Rhine-Meuse,Schoonrewoerd_Leer broek_north_15.3,NA,130,130,NA,403,806,NA,NA,6,23,144,3.1,maximum,NA,5.6,NA,NA,165000
1,Rhine-Meuse,Schoonrewoerd_Leer broek_south_14.8,NA,95,95,NA,338,676,NA,NA,5,18,130,3.56,maximum,NA,5.2,NA,NA,165000
2,Rhine-Meuse,Schoonrewoerd_Noor delos_north_21.5,NA,90,90,NA,223,446,NA,NA,7,12,61,2.48,maximum,NA,7.3,NA,NA,165000
3,Rhine-Meuse,Schoonrewoerd_Noor delos_south_21.5,NA,80,80,NA,226,452,NA,NA,7,11,61,2.83,maximum,NA,7.4,NA,NA,165000
4,Rhine-Meuse,Schoonrewoerd_Goud riaan_26.5,NA,95,95,NA,391,782,NA,NA,8,12,97,4.12,maximum,NA,8.1,NA,NA,165000
5,Rhine-Meuse,Schoonrewoerd_Mole naarsgraaf_I_32.8,NA,65,65,NA,318,636,NA,NA,9,7,72,4.89,maximum,NA,8.8,NA,NA,165000
6,Rhine-Meuse,Schoonrewoerd_Mole naarsgraaf_II_34.6,NA,50,50,NA,215,430,NA,NA,11,5,41,4.3,maximum,NA,10.5,NA,NA,165000
7,Rhine-Meuse,Schoonrewoerd_Ottol and_28.4,NA,80,80,NA,401,802,NA,NA,9,9,89,5.01,maximum,NA,9,NA,NA,165000
8,Rio_Ramos,Calapua 1,0.5,1250,2500,1553,430,860,1250,430,10,250,86,0.34,NA,NA,NA,NA,NA,5335
9,Rio_Ramos,Calapua 2,0.83,600,1200,NA,760,1520,760,600,12,100,127,1.27,NA,NA,NA,NA,NA,5335
10,Sabine,43,0.073,430,860,1181,400,800,430,400,7,123,114,0.93,maximum,NA,7.3,NA,NA,24200
11,Sabine,45,0.93,2180,4360,NA,880,1760,2180,880,15,291,117,0.4,mean,15,NA,NA,NA,25000
12,Sabine,47,2.3,2040,4080,5523,1450,2900,2040,1450,10,408,290,0.71,NA,NA,NA,NA,NA,25000
13,Sakura,1,0.124,22,44,33,88,176,88,176,3,17,68,4,maximum,2,2.6,NA,NA,128
14,Seim,1,5.204,3180,6360,7564,2320,4640,3180,2320,17,374,273,0.73,maximum,NA,NA,NA,NA,10700
15,South Fork - Madison,E13,0.003,100,200,240,45,90,100,45,1,167,75,0.45,intermediate,NA,NA,1.2,NA,120
16,South Fork - Madison,E21,0.004,50,100,152,120,240,120,50,1,83,200,2.4,intermediate,NA,NA,1.2,NA,120
17,South Fork - Madison,E32,0.03,160,320,NA,220,440,220,160,2,213,293,1.38,maximum,NA,1.5,NA,NA,120
18,South Fork - Madison,W15B,0.048,320,640,NA,250,500,320,250,2,356,278,0.78,maximum,NA,1.8,NA,NA,120
19,Strickland,5b,6.67,2810,5620,8141,3350,6700,3350,2810,13,432,515,1.19,intermediate,11,13,NA,NA,36000
20,Strickland,4,4.32,2150,4300,7133,2590,5180,2590,2150,11,391,471,1.2,mean,11,13,NA,NA,36000
21,Strickland,5,2.67,2550,5100,8141,1510,3020,2550,1510,13,392,232,0.59,intermediate,11,13,NA,NA,36000
22,Strickland,4b,5.14,3170,6340,7133,2060,4120,3170,2060,11,576,375,0.65,mean,11,13,NA,NA,36000
23,Tagliamento,1,0.357,740,1480,NA,520,1040,740,520,7,211,149,0.7,NA,NA,NA,NA,NA,2580
24,Teshio,1,0.626,1150,2300,NA,780,1560,1150,780,8,288,195,0.68,mean,8,10,NA,NA,5340
25,Tisza,p2,3.5,2860,5720,5102,1470,2940,2860,1470,9,636,327,0.51,maximum,NA,9,NA,NA,63000
26,Tisza,1_Hodos,1.58,1670,3340,NA,1270,2540,1670,1260,11,304,231,0.76,maximum,NA,11,NA,NA,63000
27,Tisza,Katahalon2,1.02,1640,3280,NA,890,1780,1640,890,8,437,237,0.54,mean,8,NA,NA,NA,63000
28,Tisza,kiralyer2,5.2,2590,5180,NA,2970,5940,2970,2590,11,471,540,1.15,maximum,NA,11,NA,NA,63000
29,Tisza - Koros,3_Dvs1,3.25,2000,4000,NA,2270,4540,2270,2000,8,500,568,1.14,mean,8,NA,NA,NA,17887
30,Tizsa - Koros,2_Tur1,4.7,2850,5700,NA,2270,4540,2850,2270,7,814,649,0.8,mean,7,NA,NA,NA,17887
31,Tongue River,Brandenberg 1,0.018,150,300,1440,190,380,190,150,2,125,158,1.27,maximum,NA,2.4,NA,NA,10186
32,Tongue River,Brandenberg2,0.054,440,880,1440,180,360,440,180,2,367,150,0.41,maximum,NA,2.4,NA,NA,10186
33,Tongue River,Brandenberg3,0.115,440,880,1440,350,700,440,350,2,367,292,0.8,maximum,NA,2.4,NA,NA,10186
34,Tongue River,Brandenberg4,0.063,240,480,1440,370,740,370,240,2,200,308,1.54,maximum,NA,2.4,NA,NA,10186
35,Tongue River,MilesCityptbar1,0.116,660,1320,1837,240,480,660,240,5,287,104,0.36,mean,4.6,NA,NA,NA,13924
36,Tongue River,MilesCityptbar2,0.393,850,1700,1837,650,1300,850,650,5,370,283,0.76,mean,4.6,NA,NA,NA,13924
37,Tongue River,State line,0.174,800,1600,632,600,1200,800,600,3,593,444,0.75,intermediate,2.7,3.7,3,NA,3811
38,Tongue River,BirneyBridge,0.157,480,960,754,430,860,480,430,2,533,478,0.9,mean,1.8,2.7,NA,NA,6762
39,Tongue_Pumpkin creek,1,0.031,290,580,699,150,300,290,150,1,580,300,0.52,maximum,1,1.1,NA,NA,1798
40,Tongue_Pumpkin creek,2,0.063,410,820,699,270,540,410,270,1,820,540,0.66,maximum,1,1.1,NA,NA,1798
41,Tongue_Pumpkin creek,3,0.113,580,1160,699,290,580,580,290,1,1160,580,0.5,maximum,1,1.1,NA,NA,1798
42,Trinity,3,2.1,2310,4620,7873,1230,2460,2310,1230,10,462,246,0.53,mean,10,12,NA,NA,46000
43,Trinity,5,5.6,3180,6360,7366,2220,4440,3180,2220,11,578,404,0.7,mean,11,14,NA,NA,46000
44,Trinity,8,3.96,2900,5800,9013,1910,3820,2900,1910,8,725,478,0.66,mean,8,NA,NA,NA,46000
45,Trinity,18,0.41,1170,2340,2488,490,980,1170,490,11,213,89,0.42,maximum,NA,NA,NA,NA,46000
46,Trinity,4,0.31,960,1920,3170,560,1120,960,560,10,192,112,0.58,maximum,NA,NA,NA,NA,46000
47,Trinity,6,4.6,1730,3460,NA,1730,3460,3800,1730,8,433,433,1,mean,8,NA,NA,NA,46000
48,Trinity,7,6.6,2750,5500,6375,3210,6420,3210,2750,7,786,917,1.17,maximum,NA,7,NA,NA,46000
49,Upper Parana,SS04_1,NA,4266,4266,NA,3610,7220,NA,NA,5,853,1444,0.85,maximum,3,5,NA,NA,797656
50,Wabash (USA),1,0.8,1450,2900,3245,650,1300,1450,650,10,290,130,0.45,maximum,6,10,NA,NA,75700
51,Weser,Stolzenau 1,NA,1960,3920,3575,1042,2084,NA,NA,9,436,232,0.53,maximum,5,9,NA,NA,46306
52,Weser,Stolzenau 2,1.031,1430,2860,3575,984,1968,NA,NA,7,409,281,0.69,mean,7,NA,NA,NA,46306
53,Widuri Field-Java Sea 1000 m depth,seismic,NA,300,600,NA,1000,2000,NA,NA,12,50,167,3.33,maximum,NA,12,NA,NA,NA